{"schemaVersion":"1.0","appDefinitionTemplate":{"id":"/providers/Microsoft.PowerApps/apps/","type":"Microsoft.PowerApps/apps","tags":{"primaryDeviceWidth":"1366","primaryDeviceHeight":"768","sienaVersion":"20210728T163302Z-3.21072.25.0","deviceCapabilities":"","supportsPortrait":"true","supportsLandscape":"true","primaryFormFactor":"Tablet","publisherVersion":"3.21072.25","minimumRequiredApiVersion":"2.2.0","hasComponent":"true","hasUnlockedComponent":"true","isUnifiedRootApp":"false"},"properties":{"appVersion":"2021-07-28T16:33:02Z","lifeCycleId":"Published","createdByClientVersion":{"major":3,"minor":21072,"build":25,"revision":0,"majorRevision":0,"minorRevision":0},"minClientVersion":{"major":3,"minor":21072,"build":25,"revision":0,"majorRevision":0,"minorRevision":0},"backgroundColor":"rgba(0, 176, 240, 1)","backgroundImageUri":"/5061378179038137135/N31545da9-f0ce-4c55-853f-ceaf01ec6beb-logoSmallFile","displayName":"SMT_PPV_APP","description":"","commitMessage":"","appUris":{"documentUri":{"value":"/5061378179038137135/Ne6ac127f-4920-430e-9664-4d097efd4fe3-document.msapp"},"imageUris":[]},"createdTime":"0001-01-01T00:00:00Z","lastModifiedTime":"0001-01-01T00:00:00Z","sharedGroupsCount":0,"sharedUsersCount":0,"icons":{"smallIconUri":"/5061378179038137135/Nc6d8759e-9b81-44ca-83b8-f5c3b3d05b20-small.png","mediumIconUri":"/5061378179038137135/N75d67a44-5666-42c5-8a47-15a2cf5cdce8-medium.png","largeIconUri":"/5061378179038137135/N216f5c46-e3f2-4b8c-be59-366016650bf5-large.png","wideIconUri":"/5061378179038137135/Ndea69fd6-7d37-4e85-aba1-36c960bf3b05-wide.png"},"connectionReferences":{},"databaseReferences":{},"almMode":"Environment","performanceOptimizationEnabled":true,"canConsumeAppPass":true,"executionRestrictions":{"isTeamsOnly":false,"dataLossPreventionEvaluationResult":{"status":"Compliant","lastEvaluationDate":"2021-07-14T11:14:30.794483Z","violations":[],"violationsByPolicy":[],"violationErrorMessage":"The app uses the following connectors: ."}}},"appType":"ClassicCanvasApp","appComponents":[]}}